Rainfall_mm,Crop_Yield_MT,Food_Price_Index,Population_Density,Risk_Level
1326,5.4563187431257685,199,186,Low Risk
1659,5.325279195939832,170,281,Low Risk
1060,6.331670061935658,87,517,Moderate Risk
1494,8.422128693326343,258,530,High Risk
1330,4.1302828711197375,152,117,Low Risk
1295,7.102145373031572,213,298,Moderate Risk
1924,6.09158767596212,186,372,Low Risk
1244,3.403254431524792,168,567,High Risk
1838,8.907669877196422,118,481,Low Risk
321,8.176834194462353,192,536,High Risk
666,6.926066511925829,267,478,High Risk
1438,8.655235561848176,107,318,Low Risk
530,8.805647808638222,176,586,High Risk
1682,7.3752667904353135,261,197,Low Risk
287,8.533119955273047,116,167,Moderate Risk
1596,7.277243155023553,216,416,Moderate Risk
1323,7.121266945842704,161,115,Low Risk
1071,6.5675024039366585,135,419,Moderate Risk
1887,7.774449756018771,266,224,Low Risk
330,2.427445947637663,164,544,High Risk
1885,8.927836832790355,81,163,Low Risk
1532,8.846591749707088,268,160,Low Risk
969,1.2632255473110323,137,488,High Risk
543,8.432350755082865,186,196,Moderate Risk
1715,2.1598288072610066,202,84,Low Risk
1637,4.016069688332277,267,358,Moderate Risk
1005,7.69157430662447,247,587,High Risk
585,2.4468390644347737,243,63,Moderate Risk
1415,8.36170321707156,193,423,Moderate Risk
1155,8.489207601619677,186,477,High Risk
476,5.567209603847526,116,282,Moderate Risk
1384,1.0574728454515023,158,489,High Risk
659,3.583343198574215,171,551,High Risk
1537,6.55234226538168,97,324,Low Risk
221,9.830675602246812,177,125,Moderate Risk
452,6.686321743150016,142,488,High Risk
947,3.338232229577438,229,338,High Risk
1056,6.706051327896502,218,589,High Risk
1784,5.8598684174427,265,302,Moderate Risk
674,8.018608556360292,264,175,Moderate Risk
1282,1.9628257494426258,83,226,Low Risk
710,7.849251122518252,214,86,Low Risk
1905,5.871399208084992,140,459,Low Risk
1699,9.666928034730951,186,176,Low Risk
899,4.076849494348175,133,532,High Risk
1175,6.693597038205533,167,217,Low Risk
389,9.388252949590157,147,343,High Risk
1157,1.9225875519161133,208,392,High Risk
886,9.43505638512806,134,359,Moderate Risk
1157,7.19097150070732,82,577,Moderate Risk
762,1.610533531946547,245,589,High Risk
1790,3.708672102521346,200,468,Moderate Risk
1467,7.373548797807534,208,493,Moderate Risk
1031,1.6061554132189453,181,285,Moderate Risk
1728,6.23953414158646,117,488,Moderate Risk
1354,4.112947512576611,164,263,Low Risk
1708,6.588239659907294,236,134,Low Risk
846,1.4116783043126158,212,134,Moderate Risk
220,8.843831255371386,171,538,High Risk
1040,9.761400722596573,100,114,Low Risk
366,9.719900697571223,278,113,Moderate Risk
1497,7.746866485686322,274,392,Moderate Risk
587,2.170776161175688,188,401,High Risk
800,7.824368763361203,126,207,Low Risk
515,1.2212822481292136,163,540,High Risk
213,1.1991119637609753,162,512,High Risk
441,3.912491972345871,114,274,Moderate Risk
976,5.397788713641992,275,362,High Risk
1569,7.933666760270139,148,515,Moderate Risk
764,7.149658389458547,208,137,Moderate Risk
1097,5.013124357390735,275,352,High Risk
1563,3.462639996534993,219,484,High Risk
291,9.9741205014194,267,184,High Risk
1590,4.835631720123756,106,99,Low Risk
1155,5.062483218967079,135,481,High Risk
1678,2.4726143907250226,102,389,Low Risk
1651,8.153285938749365,232,396,Moderate Risk
708,7.243140032033398,100,396,Moderate Risk
975,2.9869265150988435,140,294,Moderate Risk
234,1.7414294105425843,142,158,Moderate Risk
405,7.124493718672418,201,582,High Risk
1304,6.890600928530217,131,139,Low Risk
1785,3.459335742983884,167,345,Low Risk
1611,9.557772060253694,232,161,Low Risk
1225,2.3595210260281023,134,226,Low Risk
1221,4.891013209383417,125,392,Moderate Risk
1613,9.49254328150839,111,150,Low Risk
765,4.7775458523351,134,450,High Risk
1329,6.74673352897677,175,77,Low Risk
1995,4.578349581665148,212,586,Moderate Risk
1700,3.4679368211380304,115,107,Low Risk
902,9.855798831638454,189,547,High Risk
601,4.684006056835387,256,346,High Risk
929,9.04689283311221,185,183,Low Risk
1779,3.0695914530197754,137,380,Low Risk
361,2.9179423362257495,118,298,High Risk
401,1.2802067459606024,159,599,High Risk
1195,6.865001428382966,176,124,Low Risk
469,4.316737093513851,192,217,High Risk
1015,8.779224248556734,140,552,High Risk
1494,5.258889160224014,216,404,Moderate Risk
655,9.713740851232496,85,274,Low Risk
1685,2.6697296413280904,188,580,High Risk
1950,8.817608511600497,114,195,Low Risk
1475,7.989371675125676,118,290,Low Risk
1216,7.938296601796468,229,393,Moderate Risk
1925,8.60304905305199,248,84,Low Risk
495,7.84921591848699,197,50,Low Risk
1948,6.635982894682739,84,202,Low Risk
919,2.1812038991414884,249,478,High Risk
1972,1.2927356154212672,166,557,Moderate Risk
537,9.287630630341182,155,175,Moderate Risk
1078,6.549852830686643,274,540,High Risk
1276,8.168835618785586,237,531,High Risk
991,5.33370116361295,136,394,Moderate Risk
416,2.0557737006615504,206,270,High Risk
963,2.126672129822954,108,74,Low Risk
387,7.170087585060743,244,577,High Risk
579,4.872753054095164,166,231,Moderate Risk
692,2.8047225403030307,220,548,High Risk
1264,5.424350920672932,239,91,Low Risk
1380,1.577880433676207,125,530,High Risk
214,6.237742617229589,195,488,High Risk
264,3.4209406399158793,191,451,High Risk
720,8.178031905734693,230,595,High Risk
1567,3.793257630312164,124,394,Low Risk
1352,5.09698134173621,224,94,Low Risk
847,1.1045848591729057,183,70,Low Risk
1695,1.65202199015103,164,119,Low Risk
1286,4.532442007660164,273,97,Low Risk
1362,5.319449512454112,213,540,High Risk
1722,6.400184933073733,187,336,Low Risk
792,3.624963208383729,97,59,Low Risk
591,7.254836975138883,173,591,High Risk
1898,8.741101574702842,229,323,Low Risk
618,8.018658900040148,112,430,High Risk
488,1.3565694281352143,237,378,High Risk
578,5.32456252532046,205,528,High Risk
1996,1.9443716057635738,239,64,Low Risk
1713,3.178405142762747,249,565,High Risk
430,9.879963339404318,201,240,Moderate Risk
1217,2.282459886113619,217,217,Moderate Risk
240,5.489993381062204,194,570,High Risk
1251,6.563401608863072,243,186,Low Risk
334,7.322184734896935,241,203,High Risk
400,6.036838151382227,107,437,High Risk
979,1.087937626772653,90,258,Moderate Risk
1129,3.938151774195927,246,321,High Risk
1256,5.6594047904624025,126,192,Low Risk
1271,1.7907984923035003,206,118,Low Risk
702,4.155642380882627,226,296,High Risk
606,1.298827979122299,197,310,High Risk
1797,1.7072064743951867,222,128,Low Risk
1951,4.5723094858143645,205,574,Moderate Risk
1004,2.194441786387543,235,379,High Risk
298,6.107867634354023,231,238,High Risk
883,7.2051847222353915,151,144,Low Risk
925,8.205280291981746,186,57,Low Risk
1770,2.8013521982032907,216,116,Low Risk
1160,2.507343240331628,254,545,High Risk
1962,1.9411105630096022,112,240,Low Risk
812,6.72787224589273,269,415,High Risk
1685,7.35828153838211,98,570,Moderate Risk
842,1.2842753034307783,274,166,High Risk
1992,9.42591021619321,153,316,Low Risk
1228,1.4677415528632518,247,534,High Risk
1441,5.871667017709634,254,558,High Risk
702,7.381544675058247,272,347,High Risk
966,8.83872211371477,236,213,Moderate Risk
597,7.4267823891918505,257,425,High Risk
1070,8.215552747628127,177,317,Moderate Risk
994,4.0550517328852544,220,598,High Risk
592,8.33342602371861,208,123,Moderate Risk
406,1.7210336174620764,241,557,High Risk
1238,9.05334990454475,172,122,Low Risk
1777,5.928331385383626,255,357,Moderate Risk
1091,8.355679929662443,127,248,Low Risk
1684,5.070864560664702,256,179,Low Risk
1914,6.792199256768725,143,536,Moderate Risk
1798,5.737623948425019,140,200,Low Risk
1063,7.584305695797987,236,255,Moderate Risk
942,1.7346698382753063,118,228,Moderate Risk
1464,1.5431687559150742,207,246,Moderate Risk
763,3.223929106091318,167,138,Moderate Risk
1220,2.435902121018695,105,483,Moderate Risk
295,8.846052099329814,96,232,Moderate Risk
1957,2.9729258862223986,150,258,Low Risk
684,9.782787302372181,92,542,High Risk
1630,4.032062125939961,148,179,Low Risk
430,2.6390612411982937,105,62,Low Risk
948,8.107286564282312,128,155,Low Risk
1878,6.928369979507885,274,424,Moderate Risk
1394,5.483761448078251,86,148,Low Risk
740,5.998271958438681,137,241,Moderate Risk
1259,7.472816004450374,128,374,Moderate Risk
724,3.0560926719816885,182,516,High Risk
1383,9.967005244510677,132,416,Low Risk
1922,9.773138459321048,272,367,Low Risk
1466,6.852931177122432,141,193,Low Risk
1309,2.7958820583623063,96,433,Moderate Risk
777,7.122054181881622,250,265,High Risk
881,1.6497856808125826,104,410,High Risk
756,1.2758725198522547,210,373,High Risk
1797,3.3191459966009234,108,64,Low Risk
1212,5.163606610653847,196,266,Moderate Risk
845,8.814452548675424,239,541,High Risk
995,7.544521627896772,105,596,High Risk
1251,7.684358690799829,203,232,Low Risk
1843,4.829440010032679,223,319,Low Risk
1779,4.113414932922666,104,516,Moderate Risk
1563,4.339348866861425,133,568,Moderate Risk
1554,9.88884607362452,235,591,High Risk
1863,1.3609827227123423,152,516,Moderate Risk
1729,8.803283465102037,199,354,Low Risk
1571,6.208078677151541,135,193,Low Risk
1696,4.947538772706315,144,160,Low Risk
1454,7.527318943736229,172,281,Low Risk
389,5.380020472822325,165,549,High Risk
1448,8.860809142734945,159,322,Low Risk
1608,9.106316776101327,248,222,Low Risk
1600,4.795488341861098,187,56,Low Risk
1506,3.4914501751154643,258,204,Low Risk
832,6.33115295734026,197,571,High Risk
827,9.211270110550219,278,595,High Risk
1172,2.895959701050999,236,597,High Risk
1968,6.606699252071345,162,567,Moderate Risk
1482,6.684041980832685,226,264,Low Risk
1582,7.5980172017375285,273,183,Low Risk
909,2.1841091661453382,248,334,High Risk
1679,7.442424682138797,252,175,Low Risk
1634,9.181292685990769,94,488,Low Risk
848,2.6171479798321777,210,201,Moderate Risk
517,3.1378899243148988,218,380,High Risk
1900,9.742555846374756,260,587,High Risk
1448,2.628792574385408,253,432,High Risk
1457,8.689465840326212,109,164,Low Risk
883,5.430500708032313,136,531,High Risk
863,3.2250796696285935,225,333,High Risk
1597,8.836749111452603,258,124,Low Risk
1895,5.007747295023989,207,215,Low Risk
1831,5.633356185367211,127,238,Low Risk
1695,4.233100324597891,273,127,Low Risk
1456,6.3365576629143465,215,70,Low Risk
1915,2.4717148532652047,101,233,Low Risk
1336,4.519733829865846,85,271,Low Risk
1720,9.724710901017588,264,377,Moderate Risk
641,3.3232008943101476,183,228,Moderate Risk
763,6.910629980871629,115,161,Low Risk
1491,3.926710578022254,158,108,Low Risk
1733,7.961258131179406,195,376,Low Risk
1609,2.177862946465148,136,240,Low Risk
1610,9.728389405706903,128,249,Low Risk
1336,5.084105872452753,252,361,Moderate Risk
1836,3.1244541701181756,161,84,Low Risk
1848,1.6614707259701138,145,428,Moderate Risk
1151,2.5278211457878665,156,436,High Risk
1304,5.677965537004159,124,286,Low Risk
898,4.033028587881576,158,568,High Risk
312,8.459950292943486,99,332,Moderate Risk
201,4.877987712956253,271,50,High Risk
841,3.238428453288669,202,513,High Risk
419,6.554304879436271,146,279,Moderate Risk
1789,7.360994951969012,162,221,Low Risk
1054,2.5033771711085486,82,136,Low Risk
1959,2.508572946594859,261,172,Low Risk
1448,1.3300428424018866,143,347,Moderate Risk
584,7.627618135590764,119,533,High Risk
1626,6.974240748596245,138,214,Low Risk
1861,5.2716778817483245,262,432,Moderate Risk
1353,8.597534040722774,141,258,Low Risk
1276,8.251031376550479,211,481,High Risk
1907,6.26818927957077,139,438,Low Risk
929,8.814441524619328,195,273,Moderate Risk
1895,2.8525708903309144,154,52,Low Risk
1933,2.007276574579551,201,421,Moderate Risk
1639,3.4277465036529065,186,495,Moderate Risk
446,1.5137817048038338,175,165,Moderate Risk
1035,5.780525752009288,170,319,Moderate Risk
1662,9.429451230654653,237,496,Moderate Risk
402,1.3540918660165868,209,417,High Risk
1407,2.098989226090241,141,302,Low Risk
322,5.069791254550918,128,366,High Risk
600,9.404875157751144,216,464,High Risk
966,3.8454049447907543,171,144,Low Risk
493,5.565113278195532,238,73,Moderate Risk
479,1.3741557314535289,203,99,Moderate Risk
1083,2.3350888086587998,140,551,High Risk
1833,9.879671106629623,127,547,Low Risk
397,9.68606826792441,232,384,High Risk
1181,1.0444598284096864,243,128,Moderate Risk
1734,9.566306068809151,215,76,Low Risk
951,6.752079440339504,137,320,Moderate Risk
343,8.811264650680199,180,296,High Risk
808,5.092658700704732,191,436,High Risk
1424,5.640364257213252,252,410,High Risk
1347,5.399619222312282,141,537,High Risk
386,7.001778317914939,118,401,High Risk
1549,2.256861292806816,137,305,Low Risk
663,1.2697623088541015,178,271,High Risk
1572,3.7713694743207182,271,50,Low Risk
1994,7.342126864629821,123,595,Moderate Risk
859,2.816681069106535,108,495,High Risk
963,7.060891899924256,138,128,Low Risk
1154,9.729208414965434,150,285,Low Risk
602,1.8451064421047656,171,383,High Risk
1569,7.053419064026136,88,398,Low Risk
1734,4.993751973741141,206,147,Low Risk
346,8.813280289397548,213,131,Moderate Risk
1371,2.594348105026473,236,551,High Risk
1063,7.23363357003548,265,526,High Risk
1934,8.543037606832993,224,599,Moderate Risk
688,9.501527975266209,223,63,Low Risk
1128,7.1492322546068126,210,441,High Risk
1863,5.474572876075846,100,396,Low Risk
750,6.560625161810925,143,359,Moderate Risk
537,8.820144860308464,169,435,High Risk
1071,6.1354877197494675,115,258,Low Risk
840,1.2734835372715319,141,406,High Risk
672,9.3785382595628,249,143,Moderate Risk
350,7.20574075928405,155,142,Moderate Risk
1638,7.088620471995219,249,389,Moderate Risk
1521,2.9410763715794546,268,494,High Risk
1834,6.929969232093915,92,71,Low Risk
462,4.544779650887426,90,340,Moderate Risk
1987,6.861096793373429,133,534,Low Risk
343,1.9593372727719165,95,355,High Risk
545,6.920607741427324,87,177,Low Risk
823,9.994723531936,183,322,Moderate Risk
1216,1.4339083497450043,138,491,High Risk
1795,9.794567657991855,136,552,Moderate Risk
1080,4.662171646505835,119,179,Low Risk
201,8.836781053035333,266,181,High Risk
1096,8.04146935652446,209,531,High Risk
1527,6.10314634888001,173,439,Moderate Risk
453,7.646042883261939,217,374,High Risk
1875,8.906640051712131,123,118,Low Risk
652,4.637262894859297,218,497,High Risk
1260,3.943298454069148,159,577,High Risk
1383,7.0083404700722625,160,214,Low Risk
1214,8.270613477471327,81,537,Moderate Risk
208,7.860566212989542,257,475,High Risk
1456,8.18032283972771,219,314,Moderate Risk
1322,4.920249833316397,194,391,Moderate Risk
1882,8.360507945575193,169,327,Low Risk
1015,2.081881498335476,102,488,High Risk
407,5.900401881647646,225,206,High Risk
1354,1.0518279444830942,141,471,High Risk
603,3.9212724691024325,192,300,High Risk
351,4.298153813842581,207,579,High Risk
253,4.565554224483298,141,376,High Risk
1343,7.25920486020876,117,146,Low Risk
1896,4.4970229114331115,274,562,High Risk
827,5.038242603602776,245,265,High Risk
786,3.1378971778689473,274,181,High Risk
1848,4.35926612466406,140,309,Low Risk
1643,3.045426645368363,208,174,Low Risk
1645,1.6587633139159927,252,131,Low Risk
303,6.431037340432401,235,332,High Risk
453,7.013915186995146,228,108,Moderate Risk
1450,6.575413114086531,201,593,High Risk
1335,5.171446394205152,189,210,Low Risk
709,4.418072021613068,92,333,Moderate Risk
1696,8.770002846146427,234,155,Low Risk
298,5.671736066225963,179,154,Moderate Risk
352,5.312636898667579,214,488,High Risk
1113,1.2307785922579213,101,277,Low Risk
1077,4.071230448635407,153,367,Moderate Risk
537,4.421760569072713,260,513,High Risk
1929,4.589405028072104,211,521,Moderate Risk
1021,6.221551323045991,102,105,Low Risk
1386,5.802422920541906,198,62,Low Risk
1943,6.471145835141002,149,489,Low Risk
1156,7.883949353879155,163,67,Low Risk
1904,8.316871648444842,180,162,Low Risk
360,7.46310768603845,163,278,High Risk
1803,9.599713263594412,240,220,Low Risk
1000,1.1640932440872547,107,344,Moderate Risk
597,2.7620018711519148,215,238,High Risk
1500,1.068065874803279,80,475,Moderate Risk
1015,6.827272427391427,244,128,Low Risk
1727,9.082274940549881,142,231,Low Risk
1615,3.1913406691866935,101,548,Moderate Risk
1358,9.34331090316676,149,120,Low Risk
1418,1.5424065126060476,204,297,Moderate Risk
600,9.409924241249628,228,195,Moderate Risk
839,4.16460418515671,175,345,High Risk
1256,1.9127874560429485,242,519,High Risk
887,5.372845832676931,158,555,High Risk
659,3.3109891094845714,84,242,Moderate Risk
1154,3.5638561176573056,139,117,Low Risk
669,3.765609684336579,199,543,High Risk
1598,8.22723308049397,125,101,Low Risk
1245,5.85245149007729,257,412,High Risk
949,3.8017692924040327,255,523,High Risk
1893,6.493004049798265,213,570,Moderate Risk
237,7.445356068008742,135,480,High Risk
429,3.453616006601804,189,347,High Risk
1588,4.7219419137281635,266,484,High Risk
762,2.096974840032528,236,247,High Risk
637,2.630344145812123,278,177,High Risk
1999,7.130060685684845,183,581,Moderate Risk
1506,2.6329451292606425,156,460,Moderate Risk
226,5.726470453003541,225,114,Moderate Risk
425,7.381416355501894,81,290,Moderate Risk
1500,1.9618923078526946,87,418,Moderate Risk
997,6.105809976660132,154,585,High Risk
1832,3.309065053312274,261,433,Moderate Risk
483,9.666341877138219,204,480,High Risk
1078,5.351910820479323,117,132,Low Risk
1159,8.253932947976423,255,335,Moderate Risk
1704,5.952038879406356,106,583,Moderate Risk
652,1.3907127956933725,99,508,High Risk
1219,6.698362380346201,219,261,Moderate Risk
1015,9.562630079859913,122,175,Low Risk
858,6.414506381316981,268,462,High Risk
1739,8.372699734841111,110,548,Moderate Risk
746,8.957858170135669,170,474,High Risk
1415,3.0527179475403923,140,592,High Risk
1272,2.90840355917404,274,207,Moderate Risk
1735,6.498828899658926,188,161,Low Risk
216,4.699256228260342,170,451,High Risk
1395,8.558751725800484,242,171,Low Risk
1443,9.1002081105821,174,322,Low Risk
357,4.180792413724463,222,343,High Risk
676,3.1318350307703384,223,447,High Risk
1269,8.024729637194756,92,520,Moderate Risk
1596,3.4732543199332246,192,256,Low Risk
717,8.403528866623105,114,159,Low Risk
298,4.813644282838865,266,489,High Risk
1968,7.0079490936232345,228,327,Low Risk
1260,1.8598178245120136,261,531,High Risk
479,6.614733922089157,237,163,Moderate Risk
1572,5.065909108635062,127,526,Moderate Risk
696,6.279476168579267,114,370,Moderate Risk
501,2.5121278697037708,165,228,Moderate Risk
380,7.631863704497639,245,268,High Risk
806,8.765173697889058,238,577,High Risk
1322,2.9506582008169806,231,541,High Risk
899,1.8614309996814555,193,110,Moderate Risk
1192,1.2127472744170276,256,103,Moderate Risk
1339,6.777743503989394,179,587,High Risk
390,6.463846324799027,239,114,Moderate Risk
452,5.92027671442663,262,220,High Risk
1180,3.087523865043779,265,322,High Risk
1127,4.518153963149632,178,584,High Risk
1384,6.350287016675558,82,440,Low Risk
1479,5.470901729732525,276,376,Moderate Risk
1546,9.890069681933985,164,157,Low Risk
327,2.227957773010598,204,211,High Risk
217,7.256300986428344,217,501,High Risk
1958,4.638868912938629,162,255,Low Risk
765,4.853796534330533,104,65,Low Risk
769,7.458379890923586,147,376,Moderate Risk
1546,7.231925361919327,140,51,Low Risk
885,9.921303943319694,108,59,Low Risk
825,2.155548605087127,206,483,High Risk
1511,1.936986844457497,98,174,Low Risk
1053,7.51904935415867,250,130,Low Risk
1886,6.205482253057681,273,534,High Risk
1161,3.4674459990382527,153,199,Low Risk
1862,1.7147743209008794,140,389,Low Risk
354,1.770924246367875,250,178,High Risk
689,9.047717871977065,232,487,High Risk
1609,2.726805922468686,99,550,Moderate Risk
984,3.9103440590396867,127,107,Low Risk
1327,3.039907620042892,166,247,Low Risk
1616,4.194966752487436,231,260,Low Risk
445,1.6248145847148403,218,94,Moderate Risk
1399,5.671538118174434,189,146,Low Risk
1262,1.6085130723299341,262,328,High Risk
1700,8.203208570401255,107,584,Moderate Risk
1905,3.103408737193897,276,459,Moderate Risk
958,5.860107231440596,270,510,High Risk
737,8.920711788053124,138,440,High Risk
1120,6.8578963214247475,212,93,Low Risk
607,5.796620078962018,130,76,Low Risk
724,3.9190037780383804,228,146,Moderate Risk
1027,3.9970172175237813,91,597,High Risk
1729,7.025382596783711,129,268,Low Risk
1102,9.947254250990508,211,234,Low Risk
235,6.9565527086444074,192,118,Moderate Risk
884,6.020050756330225,249,179,Moderate Risk
219,7.575854592153215,245,383,High Risk
520,5.186850510553463,232,203,High Risk
1999,1.541281083407067,93,596,Moderate Risk
711,6.0606713429011885,111,128,Low Risk
599,9.618627560548422,218,462,High Risk
853,2.577726481218937,268,595,High Risk
1171,7.210044017385991,225,218,Moderate Risk
670,2.8084031979315083,234,564,High Risk
1366,5.822449160257731,134,363,Low Risk
1315,1.8700880468204766,261,81,Low Risk
1577,5.053338426323666,199,336,Moderate Risk
1033,7.805469960057215,154,92,Low Risk
926,4.128143718150839,100,50,Low Risk
1053,6.984205520384962,251,319,Moderate Risk
250,8.159049647107562,212,229,High Risk
1888,9.344600375315075,166,567,Moderate Risk
1921,3.111778736699082,248,152,Low Risk
774,4.593843242283773,138,59,Low Risk
1413,2.371744119973757,168,139,Low Risk
1348,9.932351519425376,261,275,Moderate Risk
349,9.343008711318658,229,175,Moderate Risk
513,5.859614172525037,162,258,Moderate Risk
769,8.578299649387791,144,146,Low Risk
1565,5.6886217954483795,143,123,Low Risk
504,6.612271192024838,150,240,Moderate Risk
1915,1.8021198890441497,83,105,Low Risk
881,7.797433784471272,272,81,Moderate Risk
1037,2.1494213527171135,222,576,High Risk
1277,8.434608672272756,183,333,Moderate Risk
1202,8.038252789033473,229,543,High Risk
643,7.378702279686788,254,236,High Risk
812,1.325443424722859,172,547,High Risk
1192,3.7281552035079573,253,491,High Risk
463,3.368013129197586,221,179,High Risk
1276,4.241227667243672,257,341,High Risk
1795,1.7887847208745469,227,163,Low Risk
1203,9.432620407279565,257,248,Moderate Risk
1843,5.9842201664113865,191,62,Low Risk
204,3.749718795922212,240,320,High Risk
1326,4.5728336536685505,198,264,Moderate Risk
1419,5.024822864543521,138,493,Moderate Risk
973,6.405349000245556,122,561,High Risk
1076,5.6411148492684795,91,496,Moderate Risk
1191,9.274527758929755,119,123,Low Risk
1083,5.472671346152472,197,586,High Risk
1573,9.929422133409814,99,150,Low Risk
246,8.662824619705862,245,225,High Risk
1066,2.8765946292160223,210,476,High Risk
1022,9.375356931795245,235,166,Low Risk
1135,2.0472975809692846,263,215,Moderate Risk
855,8.357047376420724,169,90,Low Risk
468,4.4256096412892205,173,478,High Risk
569,8.901768884005627,92,393,Moderate Risk
835,8.812510210967053,145,473,High Risk
1329,8.253328601058591,116,415,Moderate Risk
1893,8.110273926763552,256,169,Low Risk
1882,3.742112251882367,145,278,Low Risk
856,1.7282735474612696,115,179,Low Risk
319,4.626821608886453,261,401,High Risk
1030,2.561720634878578,105,367,Moderate Risk
1827,7.254559800122156,154,386,Low Risk
1281,4.11489753884007,279,322,High Risk
1569,9.780491807739233,187,166,Low Risk
940,6.768748696107988,247,417,High Risk
1697,8.40232507270925,122,143,Low Risk
316,2.192722054676636,229,217,High Risk
990,8.758130340453603,227,390,High Risk
1350,9.30481471462055,87,201,Low Risk
1616,5.3835572693704234,108,323,Low Risk
1212,6.456276439758797,119,545,High Risk
1864,7.883288208126959,237,150,Low Risk
1281,2.573547645343713,207,131,Low Risk
833,5.523094688170982,163,578,High Risk
712,4.587967249950818,195,122,Moderate Risk
1974,2.317365929460242,262,63,Low Risk
1001,4.307809800623783,223,482,High Risk
1319,1.6135507844694421,253,206,Moderate Risk
1861,1.232307162545383,141,181,Low Risk
1341,2.2164966023934047,86,387,Moderate Risk
759,9.668036004302564,124,453,High Risk
1824,5.945765823055153,266,425,Moderate Risk
687,9.69239945037898,263,156,Moderate Risk
1460,4.892480904971188,255,314,Moderate Risk
1096,3.806345197767336,234,254,Moderate Risk
1495,5.555276765562197,260,128,Low Risk
1412,4.955605197696191,167,204,Low Risk
903,1.9509821583556952,152,296,Moderate Risk
1670,6.767436832211856,242,580,High Risk
780,2.9443436425863965,258,587,High Risk
989,6.576291594080466,116,203,Low Risk
1060,6.85180983158338,198,203,Low Risk
446,2.368223678157833,136,141,Moderate Risk
1299,1.5521466439960134,87,482,Moderate Risk
353,8.026854274615959,174,387,High Risk
1879,5.138203813923882,196,529,Moderate Risk
1658,1.523474159549282,189,180,Low Risk
1196,9.953796854527905,99,499,Moderate Risk
1309,1.5200250489672997,203,322,Moderate Risk
896,7.255317059726979,132,226,Low Risk
1508,9.853110327370722,198,98,Low Risk
1443,3.1526209379433308,91,404,Low Risk
1292,2.2802443181847654,256,357,High Risk
1270,2.09246445480186,96,95,Low Risk
1208,3.72947632810836,143,351,Moderate Risk
293,1.9094122990958202,121,457,High Risk
1973,7.229452075247187,173,238,Low Risk
1157,1.5606261831705641,236,178,Moderate Risk
1211,5.584799153348108,226,586,High Risk
652,9.970271684676792,90,315,Moderate Risk
1427,8.325732425554168,177,167,Low Risk
1111,6.536974944079098,257,513,High Risk
417,3.756282587079505,150,193,Moderate Risk
673,6.6150625266247465,187,491,High Risk
631,5.743373175204865,137,249,Moderate Risk
540,4.834750455013343,113,206,Moderate Risk
750,2.1763933906617954,99,536,High Risk
1835,8.9794379371642,129,183,Low Risk
1512,5.048061839391902,181,197,Low Risk
1477,2.7516026063868857,217,385,Moderate Risk
1957,4.309834157895606,239,120,Low Risk
556,4.727167772760343,131,282,Moderate Risk
222,8.447841060101869,94,383,High Risk
1985,7.6025294250526185,163,139,Low Risk
721,7.923744042772058,210,383,High Risk
1981,1.099281379857825,116,248,Low Risk
1323,4.745385983617854,205,210,Low Risk
1001,5.332097364717913,119,587,High Risk
1403,1.1727304914075103,151,170,Low Risk
1446,3.3383188787053077,119,350,Low Risk
961,7.842608408099215,135,485,High Risk
1882,2.2339873515609914,230,117,Low Risk
641,5.817791183073325,183,508,High Risk
1831,2.9368168481551375,218,563,High Risk
968,1.1090869717950396,189,447,High Risk
1215,3.1708131183958734,271,335,High Risk
1548,9.782863794190485,215,189,Low Risk
715,8.213834006946907,172,331,Moderate Risk
1239,9.636189798889301,173,506,Moderate Risk
991,5.390686395337262,135,136,Low Risk
535,1.9876257880975317,139,128,Moderate Risk
1982,5.931635400763237,217,254,Low Risk
457,5.089396011039648,118,386,High Risk
696,8.599213744656543,107,303,Moderate Risk
1095,1.8827432270582012,128,353,Moderate Risk
359,5.394170233196004,243,429,High Risk
1698,2.3504379822458583,204,179,Low Risk
1051,3.9220833420105397,92,325,Moderate Risk
1887,7.636213696490197,115,232,Low Risk
889,5.284163164318898,180,317,Moderate Risk
1898,4.382994566311924,105,371,Low Risk
579,4.550286507130318,165,561,High Risk
1768,5.13502091565388,83,127,Low Risk
1156,8.065148894533511,161,388,Moderate Risk
890,9.02876220046211,271,558,High Risk
1650,9.598012178535354,245,287,Low Risk
1836,8.082130476297657,206,183,Low Risk
1491,3.8386620617321148,167,241,Low Risk
1800,7.193212354778879,206,405,Moderate Risk
1640,4.938428116498527,199,327,Low Risk
1391,3.2920355984144605,101,67,Low Risk
1266,8.567844214833304,209,573,High Risk
1779,1.345837140660925,110,229,Low Risk
484,9.115857929218812,198,172,Moderate Risk
596,5.153297181622607,90,295,Moderate Risk
211,6.7348132912745236,125,422,High Risk
1830,6.934185299852045,175,100,Low Risk
1525,9.056059666358827,269,120,Low Risk
1476,6.730027139504866,276,529,High Risk
698,6.525402262840556,271,68,Moderate Risk
953,1.5998683650462096,89,133,Low Risk
234,5.6656721975068365,247,204,High Risk
926,2.3515210073533748,207,406,High Risk
1048,7.6369039184933705,231,492,High Risk
289,5.60999728731407,178,118,Moderate Risk
975,7.12205001287518,251,572,High Risk
804,1.3750561054214585,191,192,Moderate Risk
1169,1.7631281444122289,139,241,Low Risk
1825,7.4469104925641405,269,436,Moderate Risk
1221,1.6487590239880603,166,427,High Risk
617,1.6413105498873275,224,584,High Risk
314,1.108976277113987,144,342,High Risk
816,9.60851258469532,136,58,Low Risk
1419,7.637575235131062,262,320,Moderate Risk
1025,4.179262676518578,185,436,High Risk
1724,3.668820231588897,260,142,Low Risk
1849,4.147329067712646,263,578,High Risk
1716,7.971881780630636,88,203,Low Risk
1298,6.95233549963373,101,454,Moderate Risk
612,2.6667601108072114,220,198,High Risk
1599,2.5669840180067593,168,316,Low Risk
1643,1.8855608474205758,255,471,High Risk
928,6.942724477312043,97,521,High Risk
1500,7.8793539599956235,194,596,High Risk
1220,3.385417854925036,247,575,High Risk
960,1.1885046492782152,224,552,High Risk
875,1.739545007287846,222,63,Moderate Risk
1617,9.710740313605275,185,413,Low Risk
656,3.659002997296782,94,168,Low Risk
1119,7.923008330543203,142,287,Low Risk
391,6.621972119688374,246,595,High Risk
938,4.437456756876063,92,218,Low Risk
1912,2.851185359759996,160,571,Moderate Risk
1322,2.092477763434658,111,565,High Risk
1771,6.5351167123498,216,446,Moderate Risk
1177,7.971704025740092,119,155,Low Risk
1208,6.795138281870176,227,134,Low Risk
295,5.772719199242425,161,263,High Risk
1887,1.3775610108847265,156,170,Low Risk
862,9.716398998349455,270,181,Moderate Risk
1413,8.18842772489117,155,246,Low Risk
1959,3.6353983303086825,251,68,Low Risk
236,9.819732964229656,117,61,Low Risk
1592,6.416934306726899,267,130,Low Risk
1918,6.241803923865218,150,379,Low Risk
1748,7.732658614865789,127,441,Low Risk
478,8.305928092811238,97,356,Moderate Risk
416,6.9083074659835235,223,316,High Risk
1066,2.1528617172958002,262,496,High Risk
1072,4.044407553950485,118,490,High Risk
1496,9.352752762934447,275,51,Low Risk
261,3.0215405065946674,266,569,High Risk
795,4.34950321453762,168,358,High Risk
928,4.888691946497763,141,571,High Risk
1565,4.95464490725007,220,518,High Risk
596,6.5164562424507295,188,261,Moderate Risk
898,9.487682539702368,160,161,Low Risk
1242,3.1662344064925447,213,57,Low Risk
376,2.0935123867082623,156,526,High Risk
1835,2.777234408739436,267,509,High Risk
595,8.982324101883425,169,302,Moderate Risk
644,6.812297313896854,93,575,High Risk
1456,3.573161103152441,174,487,Moderate Risk
275,8.343522450717554,133,285,Moderate Risk
464,8.752329967270924,211,355,High Risk
654,8.618629048212503,118,527,High Risk
917,9.27033880275599,151,69,Low Risk
934,3.270169181560254,104,265,Moderate Risk
1607,7.795377358716505,156,184,Low Risk
1787,5.14485547546726,239,178,Low Risk
1050,8.577986976010553,266,459,High Risk
1729,7.5564160944545185,270,471,Moderate Risk
1590,7.9880270184975215,245,343,Moderate Risk
343,6.905456539129643,199,295,High Risk
1084,2.596858925227362,132,135,Low Risk
1292,5.905242270072445,274,424,High Risk
1322,9.862027655720574,235,495,High Risk
595,9.43649259847407,210,427,High Risk
1248,1.388563622173105,229,439,High Risk
1147,2.483333341564934,175,100,Low Risk
1090,2.1855589610910573,245,291,High Risk
1692,7.53381918986766,279,343,Moderate Risk
1707,8.360067968712507,151,315,Low Risk
1788,2.9216022967960473,141,169,Low Risk
1374,5.552674236566461,264,297,Moderate Risk
1367,8.5663272521008,85,119,Low Risk
768,7.595213902896255,111,106,Low Risk
1262,5.880134849426635,178,431,Moderate Risk
308,6.313129214128956,217,88,Moderate Risk
1916,5.57524492224652,210,492,Moderate Risk
1265,3.677936061869385,266,67,Low Risk
1409,6.085197935731145,155,401,Moderate Risk
1134,7.199967718450816,256,347,High Risk
597,8.859906242747268,138,332,Moderate Risk
1446,6.726622185813232,110,159,Low Risk
833,7.850093833388422,172,229,Moderate Risk
1356,2.4406447145911567,148,593,High Risk
1386,5.154017269778109,269,74,Low Risk
1438,1.0839845784438396,131,106,Low Risk
932,3.220109780694607,168,229,Moderate Risk
434,7.5381554360170435,206,281,High Risk
857,9.926289562144271,248,392,High Risk
950,1.8926028962849433,110,526,High Risk
787,4.613448842751595,163,504,High Risk
1232,8.200638718292435,206,281,Moderate Risk
1297,2.8363207116600897,229,338,Moderate Risk
1153,5.995764543720576,211,262,Moderate Risk
691,7.597641664267073,92,307,Moderate Risk
1112,6.543869052341611,124,579,High Risk
1476,2.692222611538745,206,278,Moderate Risk
1453,4.198461118171655,249,275,Moderate Risk
1742,8.054126060368574,193,484,Moderate Risk
1397,5.98803862718815,256,451,High Risk
1876,1.0470665218862147,99,137,Low Risk
1391,7.848916840252844,160,591,High Risk
369,1.3178021944621516,261,358,High Risk
1616,7.711604044581089,243,392,Moderate Risk
1145,2.8223250414871366,208,485,High Risk
994,9.622661321074421,222,226,Moderate Risk
833,4.31146676171876,96,188,Low Risk
1417,3.942384547042712,231,243,Moderate Risk
1740,2.339992452992002,137,235,Low Risk
228,3.750437939411934,151,267,High Risk
1388,8.889856856453804,188,213,Low Risk
1645,9.967009038645227,102,210,Low Risk
538,4.314785774561635,253,574,High Risk
1871,5.037495678590883,151,91,Low Risk
1719,7.498638443824634,87,259,Low Risk
1588,8.97576202418567,138,324,Low Risk
1565,6.337399007681057,190,328,Low Risk
699,4.523731283600464,266,300,High Risk
1880,4.713596567637614,92,359,Low Risk
710,7.260563318471262,246,189,Moderate Risk
1550,1.0289643724385082,235,595,High Risk
416,6.576304037138566,268,579,High Risk
1524,4.199437093972216,95,106,Low Risk
1355,8.147775981493758,198,161,Low Risk
1293,1.8369157584081894,81,54,Low Risk
1475,6.2938204025355144,224,459,Moderate Risk
1638,5.328756008975113,109,463,Moderate Risk
644,6.780929733147047,182,231,Moderate Risk
1075,1.5836823503467152,92,62,Low Risk
1405,6.219854086853181,175,388,Moderate Risk
366,6.053361291635714,173,308,High Risk
290,6.045940849745539,161,139,Moderate Risk
913,6.431388999368093,92,299,Low Risk
1754,7.08821143503726,250,304,Low Risk
238,8.244900997126928,173,157,Moderate Risk
1349,3.428386481153929,228,534,High Risk
1674,8.425444691620559,191,307,Low Risk
372,5.484301140371082,134,331,High Risk
852,1.6935245122089806,160,137,Moderate Risk
953,1.5269583631958128,247,253,High Risk
1443,4.008144868264547,195,65,Low Risk
1861,8.064072794003208,222,200,Low Risk
1281,7.369128412668242,259,303,Moderate Risk
1883,8.09753468205166,187,237,Low Risk
675,5.655421507974484,132,378,High Risk
655,4.961790981599415,207,593,High Risk
1028,2.3270727403565554,259,446,High Risk
1094,3.953734782483804,237,566,High Risk
1584,4.9061742955648775,240,508,High Risk
1224,1.797403867116555,136,379,Moderate Risk
586,2.985507574400901,131,218,Moderate Risk
547,6.384027646573649,216,415,High Risk
389,7.620968028152708,261,227,High Risk
704,9.985127602536547,190,411,High Risk
1414,9.39801998209202,80,89,Low Risk
1731,6.783086795816724,123,465,Low Risk
1592,4.791232479646649,154,404,Moderate Risk
1632,6.725596282374094,177,304,Low Risk
1023,8.070864562722088,88,192,Low Risk
1128,2.065025718310486,111,60,Low Risk
1133,4.689144007266594,94,75,Low Risk
1340,8.558220570720554,219,470,High Risk
333,4.4544965673973955,264,270,High Risk
257,6.146850441044679,215,545,High Risk
1779,6.289924247759784,151,286,Low Risk
884,2.6602862782027543,234,286,High Risk
871,4.260118974870595,269,268,High Risk
372,4.01060159867739,91,536,High Risk
1014,1.235770376788583,144,510,High Risk
1372,1.217725875022197,186,193,Low Risk
279,8.485273393081961,121,238,Moderate Risk
1085,3.457637289755312,269,304,High Risk
1436,5.662708896149339,194,117,Low Risk
402,3.6885301622989575,218,385,High Risk
963,9.466113206038065,182,458,High Risk
1452,3.3336708297919637,250,349,Moderate Risk
1899,4.866911314650416,174,406,Low Risk
1450,8.854572254361416,96,305,Low Risk
1882,8.577402101126278,239,402,Moderate Risk
1755,2.674912760616496,164,570,High Risk
1664,8.223789788161394,247,573,High Risk
1625,5.123681980641034,230,333,Moderate Risk
246,5.346719848768197,135,361,High Risk
1456,2.201319751743494,213,148,Low Risk
1528,1.7254136238141218,165,246,Low Risk
1749,7.551453762763886,257,531,High Risk
1366,5.468150371197698,181,275,Low Risk
1638,4.931656323536616,244,414,Moderate Risk
1736,7.5655740578715704,271,417,Moderate Risk
1596,7.889616090919988,133,124,Low Risk
1789,2.430173509024182,279,91,Low Risk
1482,6.492026345298772,256,471,High Risk
855,2.2181867404991698,194,230,Moderate Risk
670,7.762375774261411,218,594,High Risk
1170,6.912596406404256,167,120,Low Risk
1235,9.609531589751121,128,154,Low Risk
1553,1.6206221472077906,228,249,Moderate Risk
935,1.5134924903612887,194,150,Moderate Risk
983,3.539683672238801,273,356,High Risk
1167,3.355351153623154,142,426,Moderate Risk
557,3.2228091916479986,183,448,High Risk
1171,9.15629122468933,162,270,Low Risk
1631,3.245915798645555,182,231,Low Risk
867,3.447547535157679,235,356,High Risk
572,7.8345843617616735,96,571,High Risk
1231,5.04765858205486,85,445,Moderate Risk
1345,7.990395012596631,226,53,Low Risk
1571,1.588295418079467,263,330,Moderate Risk
875,5.388140743060458,107,264,Moderate Risk
289,1.3025224016495436,273,469,High Risk
1871,1.5638788310981906,117,150,Low Risk
897,9.157937080099698,198,570,High Risk
1539,2.2532083400583565,116,358,Low Risk
1401,5.791786140476954,194,559,High Risk
739,4.699860423406359,147,112,Low Risk
931,4.126089936329584,256,275,High Risk
1068,9.098500111185452,122,154,Low Risk
240,1.1964105709794055,243,474,High Risk
939,6.9741071755803015,137,304,Moderate Risk
1927,9.670549907921954,92,478,Low Risk
701,6.041513651156578,131,483,High Risk
1158,9.431402158297827,137,256,Low Risk
1368,1.470320913574214,111,77,Low Risk
1424,4.769139871667452,184,385,Moderate Risk
1128,3.3414201186584602,267,118,Moderate Risk
1947,7.577388684826568,162,562,Moderate Risk
660,9.83167381447522,265,216,Moderate Risk
931,3.30877056199823,178,417,High Risk
951,6.88757141326667,183,300,Moderate Risk
1124,2.7828786948376614,263,219,Moderate Risk
1108,6.087972291144489,107,139,Low Risk
1781,5.175392380195026,208,495,Moderate Risk
1770,9.748047966683833,249,343,Low Risk
1476,6.476745454268199,127,199,Low Risk
589,4.145557348781369,119,181,Moderate Risk
1817,2.0268620639914,176,482,Moderate Risk
1082,2.361221458614411,270,108,Moderate Risk
455,3.0278523695611157,279,248,High Risk
908,3.258699952062682,193,264,Moderate Risk
649,8.65554452057024,211,521,High Risk
209,6.051005094542724,245,296,High Risk
1023,5.710518202369298,234,431,High Risk
997,2.0329198468229572,216,288,Moderate Risk
1465,8.741257240144915,190,416,Moderate Risk
1474,7.5053287288763535,223,217,Low Risk
1076,1.6090152571000143,263,100,Moderate Risk
1228,7.370515875067918,155,429,Moderate Risk
1342,5.8918439560838145,110,523,Moderate Risk
1215,1.7355281117210044,198,129,Low Risk
573,5.124705773757908,221,416,High Risk
1288,5.362266584170423,104,510,Moderate Risk
345,2.4919708614694818,113,588,High Risk
423,9.51128332300254,146,501,High Risk
1462,8.649778343325957,231,513,High Risk
376,7.021201035961975,197,527,High Risk
1052,5.160660049005465,152,469,High Risk
1505,4.705889874260577,105,263,Low Risk
262,6.858761204358587,227,418,High Risk
1440,5.908886824662149,271,163,Low Risk
1026,1.5604579529369706,183,552,High Risk
994,5.612523838932985,89,360,Moderate Risk
888,8.257632555095554,146,518,High Risk
1684,5.133158898372622,231,93,Low Risk
1833,1.4676091979884158,84,464,Low Risk
304,8.076503794456297,274,295,High Risk
1322,2.8122740392237695,265,133,Low Risk
710,3.327587513992349,106,256,Moderate Risk
584,2.482357180890663,192,200,Moderate Risk
604,3.971935583843478,94,577,High Risk
1022,7.810763551197716,242,214,Moderate Risk
717,5.674472735535436,184,194,Moderate Risk
675,2.843931467356413,260,86,Moderate Risk
908,8.900470703368367,123,382,Moderate Risk
1868,8.916236694563763,105,452,Low Risk
970,8.835205825414063,254,463,High Risk
1660,3.1491659024338534,241,94,Low Risk
1246,5.061154097628893,174,451,Moderate Risk
1196,9.864906905267876,257,255,Moderate Risk
1788,7.948112286789914,163,111,Low Risk
876,1.2445067910300383,219,469,High Risk
913,1.5868413213444286,211,517,High Risk
1681,5.175382391310995,166,68,Low Risk
282,9.182981852754041,255,414,High Risk
1368,5.848316181574428,262,349,Moderate Risk
1308,5.480312572308612,191,56,Low Risk
1301,1.9492632996096753,208,477,High Risk
656,6.911020942518647,168,166,Moderate Risk
200,8.39892844540203,145,556,High Risk
250,4.423780067568061,237,595,High Risk
884,7.980506658327947,210,374,High Risk
916,9.680289885107305,201,104,Low Risk
1995,2.833898132149202,228,91,Low Risk
1669,5.709966680752672,163,346,Low Risk
648,3.58424162276118,256,280,High Risk
1080,8.135689771304554,195,502,High Risk
687,6.198340292930418,269,443,High Risk
233,6.711241757952734,195,571,High Risk
1571,8.181227436543047,117,407,Low Risk
294,4.563734253962094,222,493,High Risk
1295,9.23581061566339,189,177,Low Risk
1774,5.797259805215259,259,454,Moderate Risk
353,2.421593405518132,125,441,High Risk
449,7.263092063519222,104,242,Moderate Risk
873,8.13935215394429,100,127,Low Risk
637,3.85085509360774,200,134,Moderate Risk
317,8.714613312988778,201,79,Moderate Risk
970,9.155289292891897,212,98,Low Risk
1529,3.4921403864002802,149,194,Low Risk
467,9.851693254436999,192,118,Moderate Risk
1277,2.266403752438826,186,107,Low Risk
435,2.81814101562241,191,528,High Risk
588,2.658023553142235,187,494,High Risk
1189,9.045907390070834,126,345,Low Risk
1957,6.8886329709246565,275,220,Low Risk
962,2.3689385490004558,170,196,Moderate Risk
600,4.962910765315141,97,533,High Risk
823,6.5376822256282185,228,355,High Risk
966,1.7511767649044496,183,495,High Risk
1526,8.94174731566605,230,270,Low Risk
1118,8.232431818973817,271,427,High Risk
1430,5.5468609621897444,274,315,Moderate Risk
1452,9.704139537332534,119,144,Low Risk
1052,4.759848813475897,217,311,Moderate Risk
777,9.85699287132848,168,120,Low Risk
274,7.011279989232643,259,268,High Risk
634,6.712041459285473,279,582,High Risk
302,2.493594057662065,140,141,Moderate Risk
1645,8.937349824741796,271,176,Low Risk
1927,4.847407191285536,84,129,Low Risk
963,2.460100652042314,201,287,Moderate Risk
937,1.1134676797818313,260,421,High Risk
1005,6.037801152745443,134,535,High Risk
1529,5.746596599104087,116,74,Low Risk
297,7.474182601322427,135,205,Moderate Risk
997,9.01232247716022,266,566,High Risk
1558,1.7146592617872658,181,579,High Risk
1058,7.583468413063261,172,106,Low Risk
634,2.68670749687824,276,68,Moderate Risk
646,8.723593478414475,152,433,High Risk
1531,8.371571624754905,138,242,Low Risk
448,5.867143794869899,81,286,Moderate Risk
365,7.392185187609804,272,436,High Risk
1704,3.8291510186537354,183,475,Moderate Risk
1183,5.240511090395332,267,326,High Risk
1558,8.394732079394245,130,276,Low Risk
1219,5.133386774558925,109,372,Moderate Risk
741,4.220184387928976,90,202,Low Risk
958,5.447912025252699,187,286,Moderate Risk
1329,8.454243271934965,155,104,Low Risk
1786,4.016872426337855,246,485,Moderate Risk
280,2.5638543382216943,169,158,Moderate Risk
332,7.408126182977027,202,233,High Risk
996,8.433803914372735,279,417,High Risk
1099,1.9057373067118,270,247,High Risk
337,3.1588670148035023,271,420,High Risk
383,2.277747907848945,268,422,High Risk
1624,4.131472704239499,204,546,High Risk
1553,5.053158810148714,261,250,Moderate Risk
984,7.739437032669758,201,558,High Risk
1731,6.860328263935067,173,371,Low Risk
1183,6.588357107305881,182,324,Moderate Risk
268,4.171374519486889,265,260,High Risk
745,8.57302797776284,263,553,High Risk
1997,5.241584506583481,241,167,Low Risk
252,9.81194444213639,110,91,Low Risk
1673,6.707279244661631,131,364,Low Risk
404,2.1363826740805245,168,378,High Risk
325,7.085598058678906,155,66,Low Risk
1970,3.925936138885291,208,332,Low Risk
242,7.1769447701748765,262,307,High Risk
1975,1.6267703334616517,101,68,Low Risk
310,2.5739329345836346,119,578,High Risk
960,8.701635330152076,180,472,High Risk
1886,3.044616013211634,190,515,Moderate Risk
1406,8.53337012718646,208,422,Moderate Risk
1047,3.5134847960896938,144,130,Low Risk
294,6.785937190528369,270,597,High Risk
1597,7.247355161588479,261,473,High Risk
1743,5.613892778305477,249,478,Moderate Risk
1099,3.7477960902705814,228,437,High Risk
559,2.913799387339865,158,253,Moderate Risk
1099,1.298704191061836,101,245,Low Risk
1919,3.7355176111665145,245,334,Low Risk
480,6.878465114781547,178,245,Moderate Risk
1418,9.444743366036343,87,356,Low Risk
1418,8.840840340367468,269,63,Low Risk
866,7.8945829888177235,254,195,Moderate Risk
292,8.096026089279688,96,106,Low Risk
871,6.984864131283957,96,259,Low Risk
260,3.342581718094027,169,578,High Risk
833,9.16475527635247,220,393,High Risk
1274,7.036590807152506,224,328,Moderate Risk
1626,6.04396567882396,245,258,Low Risk
1228,1.9989052229213295,160,384,Moderate Risk
1689,5.023499894257829,157,337,Low Risk
803,5.143224440817336,252,301,High Risk
881,8.78107248570403,85,314,Low Risk
733,5.919833981690096,242,320,High Risk
1628,4.423604940733687,189,468,Moderate Risk
1037,9.791202956595933,93,260,Low Risk
1736,1.9964853399368412,151,414,Moderate Risk
844,4.802935854807501,268,125,Moderate Risk
432,1.3782220765426476,222,370,High Risk
723,7.659137086902373,133,482,High Risk
545,9.262688969792356,106,158,Low Risk
1269,3.5203359659544047,92,571,High Risk
745,8.725075091192089,238,96,Low Risk
1301,3.62996407415708,242,428,High Risk
1953,9.196931454795237,139,145,Low Risk
1296,7.785657132371055,85,152,Low Risk
993,8.244160991572947,276,195,Moderate Risk
448,1.1620590004040905,137,76,Moderate Risk
246,9.665293213666233,128,579,High Risk
1344,7.540038928632909,230,131,Low Risk
413,3.7427598584751998,241,477,High Risk
438,8.464551983729622,105,528,High Risk
1279,3.5336907857343696,126,211,Low Risk
549,8.85478455609515,84,451,High Risk
306,2.013223513707433,99,557,High Risk
1030,7.333173797147162,213,87,Low Risk
247,5.866286289804193,277,560,High Risk
1796,1.8688102317589674,138,442,Moderate Risk
536,3.177044454329551,271,543,High Risk
1249,1.111636326495833,225,249,Moderate Risk
1003,5.218911689180553,211,304,Moderate Risk
1480,3.711387346840003,96,228,Low Risk
207,6.38521735867983,93,596,High Risk
824,3.675140269377555,92,438,High Risk
1476,3.699272003562862,214,447,High Risk
1915,7.6887387885844305,207,207,Low Risk
918,1.4332855238051811,123,53,Low Risk
502,9.126054956727884,198,216,Moderate Risk
838,8.670374869520632,222,517,High Risk
255,7.0102421490376585,98,458,High Risk
925,6.338994130966459,142,461,High Risk
725,9.03072248325687,242,253,Moderate Risk
673,2.66797161575843,160,243,Moderate Risk
227,1.7107224597174575,242,284,High Risk
277,3.155591529185843,226,199,High Risk
1439,8.151204508301714,227,208,Low Risk
1609,1.31203240053835,179,328,Moderate Risk
564,6.245261515751407,242,453,High Risk
865,9.95893764572179,239,360,High Risk
725,8.701264844537855,201,117,Low Risk
898,5.693011201392305,255,512,High Risk
1535,1.572768183579781,123,137,Low Risk
1082,8.482361629471388,183,266,Moderate Risk
1230,6.390806573594895,231,50,Low Risk
1226,2.0343969735361016,140,184,Low Risk
1846,1.844715563410206,204,400,Moderate Risk
1118,9.186641374929332,224,189,Low Risk
949,7.022802366442706,150,182,Low Risk
562,8.4635811938508,186,227,Moderate Risk
1974,8.910810102540406,129,407,Low Risk
1731,6.1459511684349,144,429,Low Risk
1497,5.657017165795372,178,499,Moderate Risk
1729,4.873846692888912,111,512,Moderate Risk
1005,3.8525192901200738,243,157,Moderate Risk
938,4.911363647728406,220,171,Moderate Risk
1238,7.964916901571407,277,66,Low Risk
1415,6.417310879136184,137,245,Low Risk
1854,9.032709609593615,207,376,Low Risk
684,4.99042012941269,221,367,High Risk
227,6.463806208468786,244,528,High Risk
913,6.681767977827898,191,301,Moderate Risk
1262,6.32527446075693,147,552,High Risk
1496,7.323703957769647,119,168,Low Risk
1454,3.1369012153732565,266,547,High Risk
285,5.611273997912116,223,535,High Risk
1697,1.938023225275129,269,94,Low Risk
325,4.460601948803313,211,363,High Risk
1011,5.38900361759138,252,228,Moderate Risk
736,6.870018335909252,169,467,High Risk
344,9.55477947327583,107,127,Low Risk
1748,6.405859598935203,175,375,Low Risk
1435,7.692345245589038,273,406,High Risk
224,5.556394535456825,110,465,High Risk
1803,6.706936282386982,82,564,Moderate Risk
1617,1.638389945203961,215,263,Low Risk
266,3.289524227576623,103,123,Moderate Risk
432,4.256677838846248,94,558,High Risk
308,5.252440195058622,250,381,High Risk
1369,1.4108387095214536,238,142,Low Risk
310,2.2602168779798593,124,568,High Risk
427,3.491328770121752,273,318,High Risk
310,9.743794218109455,87,425,High Risk
1693,3.9821230639274567,150,53,Low Risk
233,5.338369523008743,187,187,High Risk
822,2.764879414645536,194,280,Moderate Risk
1999,6.497020639681915,182,578,Moderate Risk
1592,3.5261489396437686,204,101,Low Risk
947,2.8629332059458408,136,374,Moderate Risk
794,5.649153656013811,109,326,Moderate Risk
1777,1.0495521924437874,225,585,High Risk
624,1.0689762938430278,193,535,High Risk
812,2.9716192819167198,276,565,High Risk
1741,1.3304922625073903,196,201,Low Risk
891,1.9722317871762223,246,532,High Risk
1505,4.049745844048765,139,308,Low Risk
1543,8.223271116218315,177,373,Low Risk
1961,6.148437790323707,250,217,Low Risk
1666,5.614009533607748,205,359,Moderate Risk
514,3.6413994088730948,252,528,High Risk
1076,9.385783474895348,230,105,Low Risk
1964,4.573135371134725,276,522,High Risk
1600,1.7838349011619434,173,345,Moderate Risk
1512,6.5535986450602115,213,510,High Risk
1660,2.0245455412894127,263,373,Moderate Risk
861,4.107008285215229,201,190,Moderate Risk
476,5.56670744846028,187,311,High Risk
1933,8.868002722166583,83,469,Low Risk
1805,5.441919223061068,172,290,Low Risk
1726,7.3203288942849785,230,404,Moderate Risk
823,9.935351550991633,85,229,Low Risk
715,2.1834020790818345,111,115,Low Risk
1573,3.4725837296756756,185,397,Moderate Risk
1042,4.551184680378817,225,220,Moderate Risk
1669,4.796453606849482,94,523,Moderate Risk
549,4.699189677389912,247,583,High Risk
1830,9.168499023008994,201,416,Low Risk
1887,7.426293800201708,175,156,Low Risk
1022,6.471146926816334,85,488,Moderate Risk
1360,3.784354460765039,191,276,Moderate Risk
958,8.414113457991652,199,493,High Risk
1098,9.5955446033649,202,491,High Risk
442,8.390784542952039,270,445,High Risk
742,1.0140859467232561,146,133,Moderate Risk
1263,6.727612331650663,185,62,Low Risk
428,1.4602184329789065,218,542,High Risk
747,3.318464983003497,122,317,Moderate Risk
1119,1.5357223031299452,224,574,High Risk
1446,6.43415907654449,175,169,Low Risk
205,7.179309221433461,211,402,High Risk
1545,2.030388742593146,270,106,Low Risk
667,4.454549947404815,275,89,Moderate Risk
1955,5.106128580599878,160,385,Low Risk
274,4.321477195848249,120,222,Moderate Risk
203,2.0892250043667375,212,596,High Risk
845,4.770530111687279,239,308,High Risk
317,7.760602430275763,277,566,High Risk
1080,1.639068980799299,114,572,High Risk
1829,1.7216201267371312,101,166,Low Risk
703,4.192941626523858,272,233,High Risk
1146,9.475531404570326,229,165,Low Risk
773,7.017153820506227,191,211,Moderate Risk
1664,7.108029610053083,90,592,Moderate Risk
393,4.257279917540785,82,286,Moderate Risk
1046,6.342947120876846,216,115,Low Risk
914,1.0911806562496904,139,119,Low Risk
1615,6.72486441768588,155,496,Moderate Risk
1249,9.21958252818613,166,465,Moderate Risk
1658,6.513161215103373,93,581,Moderate Risk
372,8.863287341197106,97,490,High Risk
1523,7.515757499194844,192,513,Moderate Risk
1868,2.085025747633212,152,445,Moderate Risk
525,9.122079765572575,102,444,High Risk
1633,1.597994599201974,162,375,Moderate Risk
1341,5.805707252929874,204,140,Low Risk
1035,2.279234114141119,254,119,Moderate Risk
923,1.1053594965781366,148,215,Moderate Risk
424,4.798308341148751,126,263,Moderate Risk
731,3.6553663688874063,195,384,High Risk
312,5.374004444178427,109,418,High Risk
339,6.194798980610957,104,98,Low Risk
758,1.393651650780526,235,101,Moderate Risk
200,2.1070296561137107,191,338,High Risk
289,6.027781568053828,104,288,Moderate Risk
853,4.088506178553924,153,182,Moderate Risk
519,7.562561387945032,137,215,Moderate Risk
1773,6.8706248373274565,173,423,Low Risk
338,8.610439266909161,198,422,High Risk
1734,7.2324354400230275,206,527,Moderate Risk
1044,4.869379696511333,248,528,High Risk
458,7.056699601549892,104,349,Moderate Risk
1896,3.4784305682987666,157,131,Low Risk
1101,3.756821489003914,178,136,Low Risk
889,8.10086643928714,195,274,Moderate Risk
209,5.01777564761424,127,65,Moderate Risk
460,8.185423064665173,89,407,High Risk
1873,8.401801363014506,178,212,Low Risk
371,8.718061038951554,90,563,High Risk
1097,9.249717122570866,164,399,Moderate Risk
212,4.878866984619666,228,513,High Risk
1391,3.8698013648902494,252,424,High Risk
1865,6.2397887193470245,214,141,Low Risk
1819,4.340551810938648,271,230,Low Risk
520,6.4096675012020965,205,350,High Risk
1542,7.350272763794422,143,238,Low Risk
1836,7.195645166429232,81,363,Low Risk
528,4.370975983181092,155,542,High Risk
984,2.501741815288775,200,177,Moderate Risk
976,4.874764046159868,121,568,High Risk
1110,2.283347296737179,133,475,High Risk
1773,9.010873316654274,154,236,Low Risk
1642,4.112897146640717,95,599,Moderate Risk
1829,2.390137725009914,97,502,Moderate Risk
1318,1.229029839151758,266,520,High Risk
1804,6.8124014765783585,169,273,Low Risk
517,6.732120857092689,223,203,Moderate Risk
435,4.065437499231625,85,400,High Risk
533,1.6454069996288592,264,196,High Risk
575,4.686660054057088,187,398,High Risk
1682,3.800957455570542,254,231,Low Risk
1360,7.094085757615084,127,228,Low Risk
787,6.452013245074213,121,88,Low Risk
1770,4.28134355377786,155,52,Low Risk
712,2.961032988294911,267,113,Moderate Risk
1519,9.892323695400327,156,78,Low Risk
1543,5.086014590765034,211,421,Moderate Risk
1117,7.194468122022133,209,572,High Risk
1795,2.264976708205247,138,146,Low Risk
1572,5.37030729693458,234,491,High Risk
1072,1.2478304788251893,106,252,Low Risk
1452,5.549096061194049,158,460,Moderate Risk
469,9.67615666405932,151,70,Low Risk
997,4.457860416872202,86,151,Low Risk
1514,1.3509641131742043,270,95,Low Risk
924,1.2786021182740916,190,115,Moderate Risk
1388,4.4918808395218255,198,213,Low Risk
204,2.4402244281687464,253,160,High Risk
1050,1.2101688669536732,142,387,Moderate Risk
1602,7.805922525551591,203,172,Low Risk
277,5.126707079937016,91,496,High Risk
1633,3.603202947753891,220,340,Moderate Risk
773,9.100748647148327,122,461,High Risk
331,2.0452506418047305,96,330,High Risk
800,9.603269460597874,142,92,Low Risk
1972,3.8257004563961754,199,535,Moderate Risk
1265,8.995633050778132,115,100,Low Risk
288,6.426485888315154,87,259,Moderate Risk
601,8.440366237673388,148,175,Low Risk
495,9.856118468894179,169,541,High Risk
1518,3.5956489403687115,115,558,Moderate Risk
815,9.650219368668337,107,307,Moderate Risk
1749,4.505337054121783,197,237,Low Risk
999,4.4696071426323005,172,279,Moderate Risk
1914,4.063483938290551,254,238,Low Risk
1860,5.872668466128267,155,464,Low Risk
621,2.387305388606384,180,59,Moderate Risk
1246,5.983403368222101,237,163,Low Risk
774,5.875343311690036,230,125,Moderate Risk
342,7.85711631344383,223,551,High Risk
1192,8.50284965743827,93,134,Low Risk
864,4.963972152811817,150,98,Low Risk
344,3.7209992441634436,259,544,High Risk
1448,3.33401407585385,203,436,Moderate Risk
1206,2.7516145303438475,204,438,High Risk
702,1.5188282397912238,116,267,Moderate Risk
1020,4.08203180951242,108,395,Moderate Risk
1839,3.4322292291770493,274,279,Moderate Risk
303,9.697756472797666,222,304,High Risk
1262,6.019379436250396,254,285,Moderate Risk
397,4.125493351274568,253,75,Moderate Risk
1869,6.224208408943264,259,310,Low Risk
778,2.2527703121112594,98,320,Moderate Risk
590,4.996393742819826,185,172,Moderate Risk
1402,6.636108892789575,100,306,Low Risk
753,5.400080486132063,143,470,High Risk
1671,4.616009205888918,244,308,Moderate Risk
1723,9.944635500097284,106,96,Low Risk
1238,8.922832859340343,134,574,High Risk
1846,6.610653623434961,108,257,Low Risk
1892,6.124396250640545,227,360,Low Risk
1512,6.585944318421257,104,198,Low Risk
677,2.8118089704018994,149,487,High Risk
1454,4.5562396893788675,142,204,Low Risk
1122,1.3551357960180939,243,139,Moderate Risk
619,5.27991433738144,209,407,High Risk
356,5.887221255618969,229,223,High Risk
749,3.0497476249288864,95,266,Moderate Risk
1664,9.676259624489624,225,505,Moderate Risk
1320,9.185091498435177,276,248,Moderate Risk
1220,7.499289119103153,261,535,High Risk
1196,5.800479658888263,179,582,High Risk
1634,8.829722436829165,109,249,Low Risk
1150,2.1758710944111663,124,420,Moderate Risk
488,8.114588148473965,98,497,High Risk
1477,2.1233873257016347,113,297,Low Risk
395,8.147895962944649,220,313,High Risk
797,3.481908114262213,250,107,Moderate Risk
1745,8.8938152291637,141,351,Low Risk
716,9.49637884442858,197,80,Low Risk
1858,2.3391637246460406,179,547,Moderate Risk
1064,5.164080445588541,101,298,Low Risk
1341,9.828886403464166,259,320,Moderate Risk
1005,5.35066692375832,259,443,High Risk
1382,8.771927702630906,190,551,High Risk
1014,6.298583699181878,243,133,Moderate Risk
427,4.377969171276417,152,414,High Risk
415,3.5720519997328317,226,598,High Risk
1147,2.8290078197747857,117,391,Moderate Risk
1919,7.856183722399275,149,456,Low Risk
214,4.478864561407251,195,474,High Risk
1380,5.60147915980676,158,142,Low Risk
1871,5.430929320010637,264,461,Moderate Risk
1484,6.195511263098181,227,481,High Risk
1380,8.79019431062097,88,208,Low Risk
246,9.826654092250864,111,63,Low Risk
523,4.668257877164352,211,422,High Risk
1043,8.447670298956726,129,274,Low Risk
1908,7.8807501518924585,161,554,Moderate Risk
329,6.1617605631001595,84,122,Low Risk
1634,9.604424292507398,227,298,Low Risk
294,2.804270639755625,166,560,High Risk
826,1.9833778927865926,205,265,High Risk
954,8.6856577025988,154,590,High Risk
1515,4.952348349703735,244,269,Moderate Risk
993,8.622719687863544,101,270,Low Risk
1506,9.037811846758734,265,438,Moderate Risk
268,1.562118342571643,147,91,Moderate Risk
1883,8.951182866874547,123,332,Low Risk
210,5.0348714983248,113,107,Moderate Risk
1477,5.59389240103809,156,586,High Risk
1071,6.639332599838892,121,122,Low Risk
749,9.33744346057078,216,178,Moderate Risk
1357,1.1720448498678762,185,475,High Risk
911,5.291591214860354,174,174,Low Risk
222,7.189498381875046,214,116,Moderate Risk
1014,7.5043626192840565,147,55,Low Risk
545,7.232791883833972,226,363,High Risk
501,2.2099161646730967,238,375,High Risk
562,3.694560295345131,207,555,High Risk
595,4.228439728753122,242,131,Moderate Risk
417,8.239934869115544,264,51,Moderate Risk
340,3.508838851730977,164,253,High Risk
1839,2.8963446748048285,268,453,Moderate Risk
1157,9.617032171342865,238,152,Low Risk
1433,1.07976956602122,162,585,High Risk
1184,9.980387701137804,174,417,Moderate Risk
1192,7.091391689716561,260,261,Moderate Risk
1846,8.456223695042054,111,258,Low Risk
1839,3.6515745671157385,145,166,Low Risk
1027,1.1288374990035397,266,527,High Risk
882,7.64082566705377,195,154,Low Risk
1683,8.507301373006083,217,544,Moderate Risk
1203,7.664285187581672,209,95,Low Risk
555,2.285652585707547,273,380,High Risk
1207,7.7808513003127215,139,265,Low Risk
1547,7.920305038968769,96,541,Moderate Risk
1356,6.926864641030494,175,498,Moderate Risk
1087,7.895043395160275,223,585,High Risk
326,8.613292957099588,95,560,High Risk
1329,6.522437028137126,125,507,Moderate Risk
1208,1.7974424257271115,246,596,High Risk
803,5.388650287004898,238,585,High Risk
1601,1.6988440120444457,186,589,High Risk
1213,4.667887279291877,167,533,High Risk
250,4.663958402130649,208,65,Moderate Risk
1252,1.5940885972621741,218,292,Moderate Risk
1685,4.139384805725314,198,256,Low Risk
1519,1.9989828891218335,164,320,Moderate Risk
1520,8.274116890083,83,164,Low Risk
1949,9.529192233680236,150,348,Low Risk
978,1.6508482773214475,233,532,High Risk
1630,9.596036865625313,190,446,Moderate Risk
1992,5.703189394030707,129,443,Low Risk
1013,3.696091101584865,219,124,Low Risk
1836,1.6917586774854716,174,531,Moderate Risk
1628,5.50561841263376,171,152,Low Risk
1569,8.150639900416738,144,346,Low Risk
1845,7.363778295400284,126,227,Low Risk
619,1.4520341031757638,260,264,High Risk
1405,1.6561165183111317,185,364,Moderate Risk
1182,4.625859543693734,278,88,Low Risk
1024,3.6576144464314897,209,308,Moderate Risk
1224,3.0914589075044305,185,56,Low Risk
766,3.5290404901784225,103,98,Low Risk
570,8.23134468967196,83,587,High Risk
1135,9.363052482686685,187,210,Low Risk
860,4.645924250748098,98,225,Low Risk
1654,9.154999019192473,233,51,Low Risk
1168,3.8934613112309377,119,504,High Risk
1532,5.287932877094125,129,325,Low Risk
1360,3.0342609803439977,250,547,High Risk
401,6.7642843795825955,154,77,Low Risk
1659,9.81083003657328,274,382,Moderate Risk
512,6.431437864390408,91,50,Low Risk
316,4.22032675702194,274,237,High Risk
1889,6.830357013914755,106,105,Low Risk
1136,2.106286106188488,192,596,High Risk
774,8.997931722388588,261,161,Moderate Risk
443,5.527755557018527,273,359,High Risk
736,5.0441476783567785,128,85,Low Risk
1825,6.272783096081673,223,488,Moderate Risk
274,6.623054765104622,209,374,High Risk
585,1.6459822560386173,139,356,High Risk
1433,7.143554991010622,261,583,High Risk
674,3.177385122839766,109,158,Low Risk
617,7.4255736925593085,163,421,High Risk
546,8.40281314945777,245,406,High Risk
1752,8.235626567972684,107,230,Low Risk
839,5.972508706671002,104,405,Moderate Risk
1138,5.68152903079676,175,117,Low Risk
1154,2.2858836520547055,204,341,Moderate Risk
1075,7.978115353628221,89,230,Low Risk
962,3.4426844240204293,267,515,High Risk
1402,5.470258805361519,121,483,Moderate Risk
1405,3.5584668363476504,119,513,Moderate Risk
863,2.2044552669972384,156,583,High Risk
224,6.666019272025629,184,115,Moderate Risk
1403,1.4889883134061344,197,70,Low Risk
909,7.7378071071358,121,433,Moderate Risk
1724,3.85828115735005,126,88,Low Risk
1384,1.001212237040368,244,334,Moderate Risk
376,5.6001622531350685,101,385,High Risk
484,1.4216671767484281,264,237,High Risk
262,3.4855260203880953,186,292,High Risk
1202,7.362788387101445,106,122,Low Risk
861,1.5642065945967927,120,528,High Risk
865,8.554046431204021,159,150,Low Risk
355,1.034379303927248,241,563,High Risk
1692,3.2214148228171204,239,225,Low Risk
1272,7.668136505368643,168,287,Low Risk
1166,3.846431347563761,145,108,Low Risk
1048,1.9170314925941216,91,148,Low Risk
1307,4.242105269203851,247,544,High Risk
1584,3.4335395774607296,152,563,High Risk
888,8.584407119444993,155,346,Moderate Risk
347,3.8201312582662883,169,260,High Risk
1853,8.100392245984064,89,172,Low Risk
541,9.026849303296613,175,278,Moderate Risk
675,4.904356776188766,255,437,High Risk
1286,9.189488294689529,99,189,Low Risk
1924,4.395862485668736,118,590,Moderate Risk
1583,9.676705748410974,139,440,Low Risk
760,1.8036057207301563,145,319,High Risk
526,7.183173398529185,144,61,Low Risk
1992,5.444326364112358,258,438,Moderate Risk
1959,4.488839249100824,203,386,Low Risk
1364,6.694406908737408,243,555,High Risk
1189,7.334713824708981,231,155,Low Risk
414,1.0392694268527818,234,81,Moderate Risk
634,2.5025777987247886,209,123,Moderate Risk
1151,7.417414455708868,238,220,Moderate Risk
922,6.997468722203858,136,118,Low Risk
1541,9.694427546158096,157,411,Low Risk
231,7.849340112257047,273,482,High Risk
869,9.556954369582042,108,149,Low Risk
484,7.322864513813263,94,58,Low Risk
1528,3.6824698777549885,91,78,Low Risk
628,1.9482843002577082,180,163,Moderate Risk
1700,8.03641477010442,235,511,Moderate Risk
485,6.797342993283243,163,192,Moderate Risk
1367,1.433674111539666,204,439,High Risk
1647,4.240454193108805,182,206,Low Risk
1242,9.611198339358575,103,384,Low Risk
217,5.503610311391811,228,309,High Risk
968,4.894562224177342,217,131,Low Risk
789,5.119296446433646,189,490,High Risk
1594,2.8799445160464736,157,221,Low Risk
1398,4.318364537783157,180,280,Low Risk
1209,4.328319303884589,225,124,Low Risk
393,1.4711951816872517,221,319,High Risk
701,7.908108656661264,241,111,Moderate Risk
1187,4.7485398871349105,207,369,Moderate Risk
1336,8.39961898134781,137,151,Low Risk
313,8.653132010079059,155,478,High Risk
1445,2.9079464922879223,229,304,Moderate Risk
1901,6.916181339531157,277,581,High Risk
1146,5.250536237466836,115,161,Low Risk
1030,8.921410641293367,252,362,High Risk
1867,2.941666112588087,243,510,High Risk
1487,7.100318802790398,101,511,Moderate Risk
1124,6.469769100274503,206,141,Low Risk
254,3.6577132981464953,159,101,Moderate Risk
1866,2.2294081328605535,268,569,High Risk
999,6.8647578442954895,179,147,Low Risk
977,7.647377123190976,263,285,Moderate Risk
1681,3.84064609387015,175,423,Moderate Risk
361,6.803493436200824,240,283,High Risk
1603,4.556178168503529,252,81,Low Risk
286,7.41886194954356,243,338,High Risk
254,2.792937474046478,227,591,High Risk
1699,9.01193502372557,97,163,Low Risk
1401,3.5866863681902177,117,253,Low Risk
1614,4.310073889805376,274,78,Low Risk
1572,1.522827568723148,230,523,High Risk
1231,2.0036099108914875,188,302,Moderate Risk
1032,5.642757124410953,202,435,High Risk
512,3.4083340905517434,223,111,Moderate Risk
958,8.51932203167975,266,564,High Risk
642,1.1322404978945846,276,479,High Risk
1990,4.411846438047426,275,586,High Risk
527,4.0361099209218345,228,190,High Risk
1277,1.1739486782584092,183,349,Moderate Risk
960,2.119315591004592,277,360,High Risk
1462,4.722784074267717,219,520,High Risk
1452,5.43578126002702,223,442,Moderate Risk
778,4.638607725293822,160,494,High Risk
1274,5.778439105708845,166,221,Low Risk
1832,6.356185074151134,221,80,Low Risk
1827,1.0893143901505207,140,96,Low Risk
1206,5.176856435081535,278,179,Moderate Risk
1487,9.671493167988295,125,401,Low Risk
1641,5.671290521165939,111,107,Low Risk
295,7.097880407130579,94,155,Moderate Risk
1311,3.8067747212519487,123,379,Moderate Risk
1301,7.965922403374863,224,432,Moderate Risk
1511,7.956293336885036,248,211,Low Risk
1343,5.69166442888725,133,335,Low Risk
1013,9.784124409512922,123,120,Low Risk
690,2.1299519328638805,177,503,High Risk
651,1.152528984006229,84,446,High Risk
1723,7.931423905813864,188,564,Moderate Risk
364,8.264399836283943,106,75,Low Risk
381,2.0818650620851864,195,362,High Risk
668,3.390245496627455,166,175,Moderate Risk
1109,1.1579712702996603,183,457,High Risk
934,3.639777497025082,202,247,Moderate Risk
1022,7.958276865268044,158,237,Low Risk
1143,5.6616447494132105,122,533,High Risk
206,4.132860338514593,176,499,High Risk
529,4.345653654156973,110,572,High Risk
974,1.0121826314392135,178,403,High Risk
1896,3.698204748087123,96,149,Low Risk
350,6.8181286747413745,162,327,High Risk
1308,9.767749994347215,189,540,High Risk
346,8.623547442855095,261,304,High Risk
1847,1.2123546818097621,269,430,Moderate Risk
1604,9.087045442073554,111,591,Moderate Risk
1114,8.048785719687633,247,313,Moderate Risk
1771,8.023385112138824,220,378,Low Risk
1508,5.121961831032143,114,164,Low Risk
899,4.582047636590525,212,325,High Risk
281,3.7262415594987335,108,537,High Risk
713,1.591253730589292,149,330,High Risk
1014,3.0541182714432917,232,324,High Risk
908,3.2194327148022217,174,377,High Risk
1746,5.356693627391814,101,260,Low Risk
945,7.726999659370246,273,75,Low Risk
1222,5.26428845558152,252,76,Low Risk
1609,1.5206000450244455,148,132,Low Risk
906,9.620108208893836,168,462,High Risk
670,9.48451887184701,151,216,Moderate Risk
1342,8.066705888335676,208,218,Low Risk
595,9.921951114077984,251,278,High Risk
1755,5.900340995202367,166,416,Low Risk
460,9.664915152278855,175,577,High Risk
1004,1.680445365550757,154,587,High Risk
1133,4.291126734352342,246,573,High Risk
1479,3.0284314120608924,133,121,Low Risk
1957,2.7624977572084304,167,155,Low Risk
1104,2.267226540034085,236,331,High Risk
1449,6.60172277409397,133,182,Low Risk
1276,8.031896701725746,95,583,Moderate Risk
1139,6.204685594783246,178,318,Moderate Risk
1723,2.322664386293887,99,461,Moderate Risk
1729,8.300113929401238,125,67,Low Risk
1053,6.723592364473556,274,166,Moderate Risk
1587,4.493491355142959,272,193,Low Risk
1503,7.067172659824567,206,471,Moderate Risk
792,3.3391448131854955,137,418,High Risk
913,4.106729876447894,260,99,Moderate Risk
1381,9.257372588187913,190,155,Low Risk
831,3.6145405510427837,208,265,Moderate Risk
258,5.229894413421429,160,474,High Risk
1950,9.011270236564132,273,121,Low Risk
327,7.369492152407747,236,495,High Risk
935,1.5598290354823248,163,235,Moderate Risk
920,2.325727398510733,149,119,Low Risk
1338,1.0705743169472512,87,199,Low Risk
1432,6.678296112062471,108,295,Low Risk
725,5.029060828693765,191,587,High Risk
720,2.2084736581204796,258,148,Moderate Risk
751,9.621407089510933,240,327,High Risk
436,5.766937515510579,210,504,High Risk
1504,3.1770396470160027,267,153,Low Risk
1582,5.505432140392368,242,282,Moderate Risk
1424,7.11658299461597,276,443,High Risk
1981,1.6861529617620803,187,550,Moderate Risk
1501,3.472334335431028,188,300,Moderate Risk
1458,8.262689417955944,99,570,Moderate Risk
693,5.136983833623951,152,128,Low Risk
203,5.919194278290654,246,101,High Risk
865,4.895344019885224,83,275,Low Risk
641,1.395099483787046,98,100,Low Risk
228,2.4917480183814034,181,235,High Risk
1332,5.009874748677018,252,83,Low Risk
809,2.8826691886713505,250,180,Moderate Risk
1950,1.4498112579371085,220,492,Moderate Risk
1004,8.592846976466413,220,481,High Risk
274,9.830732762477043,267,546,High Risk
1037,8.138285865970655,264,452,High Risk
1369,8.684064295342004,165,372,Moderate Risk
327,3.1777941728534085,131,259,High Risk
241,9.645642779618798,190,378,High Risk
1579,2.7723313400808554,260,421,High Risk
240,9.562868293256491,188,509,High Risk
1133,9.95337364569356,165,182,Low Risk
233,7.405505251714438,122,170,Moderate Risk
1240,9.830293586126396,279,501,High Risk
1900,6.125858016103933,279,178,Low Risk
1376,3.335876048584813,121,140,Low Risk
1197,4.932962970990587,169,78,Low Risk
1601,6.342048418409074,194,573,High Risk
787,1.6577340582431348,105,382,High Risk
1822,6.601089381555215,230,346,Low Risk
1852,9.83060053086065,122,179,Low Risk
541,2.7109688480535485,156,342,High Risk
226,8.13335604659545,235,222,High Risk
1510,9.171089144016575,216,73,Low Risk
845,9.493314335381987,99,148,Low Risk
930,9.641220439649025,263,455,High Risk
367,5.693136748493248,118,405,High Risk
809,9.795771171923533,258,188,Moderate Risk
467,7.81579186420995,91,552,High Risk
1972,2.455042926132657,262,223,Low Risk
1020,5.29210095821173,90,78,Low Risk
654,7.464980578348036,233,545,High Risk
1105,3.22606284237175,121,400,Moderate Risk
1908,6.765536651939986,234,348,Low Risk
1624,6.999404311419573,90,241,Low Risk
1121,2.464297694277093,117,113,Low Risk
1180,6.085767812074806,177,264,Moderate Risk
1699,7.944642198807469,250,215,Low Risk
901,5.490060980823477,98,592,High Risk
833,1.1089280509849668,271,281,High Risk
1781,1.0813462217136296,213,590,High Risk
1799,4.21326409573011,253,244,Low Risk
329,9.335746615886038,195,555,High Risk
1219,3.058091016432479,192,383,Moderate Risk
1586,6.709273199845184,249,353,Moderate Risk
1928,2.998682836239885,144,486,Moderate Risk
1018,3.8950299069359375,178,372,High Risk
892,8.632378806413357,151,551,High Risk
1515,7.559752980429522,266,442,High Risk
1594,1.8585934958188957,131,198,Low Risk
993,4.858318188877902,197,454,High Risk
228,1.26252787280738,254,332,High Risk
348,5.328011319427081,199,411,High Risk
1519,6.9619061053096125,86,428,Low Risk
210,2.066523612383364,90,247,High Risk
1735,3.5999644501824912,182,405,Moderate Risk
875,4.580529629519413,140,589,High Risk
1336,9.275779221904447,147,478,Moderate Risk
386,9.939295138806676,232,66,Moderate Risk
1006,1.4042016909605426,219,428,High Risk
943,7.849071311458529,233,555,High Risk
1450,4.3455165976210886,181,125,Low Risk
1533,4.5321236760653205,189,280,Low Risk
297,7.788384760123204,219,297,High Risk
254,9.265837889308678,250,351,High Risk
822,9.558357350522936,130,264,Low Risk
863,6.194103274344887,196,207,Moderate Risk
957,4.214090433704525,244,118,Moderate Risk
605,8.087941772729014,125,442,High Risk
268,3.2590124493607022,132,134,Moderate Risk
1535,6.07666625950166,167,316,Low Risk
1512,4.227206153723858,200,118,Low Risk
1985,6.909679663370885,92,396,Low Risk
1771,3.163590216041562,168,472,Moderate Risk
950,2.7243365116134317,204,223,Moderate Risk
1371,9.264151780078933,197,164,Low Risk
1690,1.916233146545832,133,269,Low Risk
1962,5.5536211696143845,264,80,Low Risk
1467,2.9876750466670803,195,572,High Risk
1714,1.350369669931007,197,392,Moderate Risk
1157,1.3241693646228376,83,426,Moderate Risk
1730,2.576995948952446,154,179,Low Risk
564,8.800933190554002,128,588,High Risk
681,3.54230869579324,86,51,Low Risk
400,9.554132535177661,189,150,Moderate Risk
353,6.234600636902742,201,582,High Risk
1673,4.929527707918895,90,107,Low Risk
1724,6.220799512025091,171,438,Moderate Risk
272,5.65028546703641,261,390,High Risk
912,7.828986283815927,252,69,Low Risk
495,3.5424645937556702,102,304,Moderate Risk
1240,4.177453524402722,107,366,Moderate Risk
1864,9.046848722799256,190,87,Low Risk
1440,9.518108618353649,136,586,Moderate Risk
260,9.033024047378271,105,435,High Risk
1138,4.775031945615822,232,75,Low Risk
1839,8.023289527061936,133,503,Low Risk
241,5.287021599709889,108,372,High Risk
224,5.477858669314919,176,562,High Risk
1262,2.8421209815155555,243,62,Low Risk
330,6.320172729326648,93,420,High Risk
1721,2.6752230797801313,157,340,Low Risk
1452,3.984082291604744,114,381,Low Risk
307,8.695271814579417,109,310,Moderate Risk
371,2.863682282897697,171,254,High Risk
1658,1.6404245665608954,96,436,Low Risk
1701,1.6210683335153466,274,517,High Risk
301,9.46706068452797,237,464,High Risk
1065,5.562283941656512,172,118,Low Risk
723,4.684708646353165,252,521,High Risk
474,8.297907229071265,158,153,Moderate Risk
1836,8.522433351194644,189,210,Low Risk
1267,3.9897192980404412,258,249,Moderate Risk
1016,7.242562517264157,181,265,Moderate Risk
1156,7.940105342666979,185,261,Low Risk
1240,6.891856181793591,126,557,High Risk
529,2.3643556732008943,260,65,Moderate Risk
1792,8.882947751653514,143,547,Moderate Risk
1720,5.851850974624078,245,381,Moderate Risk
211,3.542251837330033,143,305,High Risk
1541,4.827053668939245,166,221,Low Risk
1815,1.3381398135901663,86,547,Moderate Risk
415,2.150801211001758,101,520,High Risk
538,7.8899207546427474,160,433,High Risk
1999,1.0001047127982954,248,556,High Risk
860,4.749092456340629,153,576,High Risk
1304,5.702591629770296,217,374,Moderate Risk
1950,1.4917097800087507,264,263,Low Risk
1708,9.757703466750996,214,257,Low Risk
573,3.0351279812470473,204,218,High Risk
1175,3.7377884767265277,129,379,Moderate Risk
909,3.735482610295246,131,329,Moderate Risk
1423,3.073749959056149,240,354,Moderate Risk
1760,1.0132643987768026,80,195,Low Risk
665,7.564103146791967,260,565,High Risk
1312,9.701609498193568,267,139,Low Risk
1491,3.0186413495654056,241,502,High Risk
1878,6.967424726230802,83,109,Low Risk
1794,7.677066942628436,224,360,Low Risk
688,8.635828411814723,211,577,High Risk
1761,4.803662773122483,250,276,Low Risk
246,3.726378150763863,83,523,High Risk
1511,3.92765620620728,80,590,Moderate Risk
977,7.413591997886615,150,128,Low Risk
1239,8.351015198550725,257,482,High Risk
910,2.6345257098094237,268,202,Moderate Risk
600,4.338469073419887,114,450,High Risk
1180,9.11746177074235,87,328,Low Risk
1309,8.260241677252653,231,106,Low Risk
449,9.863725624862283,115,235,Moderate Risk
590,7.788234337138727,257,447,High Risk
534,4.5387568092513,202,207,Moderate Risk
828,6.31574050595174,122,408,Moderate Risk
1742,6.949128288225882,106,489,Low Risk
336,1.7061023468541157,111,515,High Risk
1082,5.900472631934786,157,495,High Risk
887,7.383887456253486,200,537,High Risk
1721,2.505891736009543,225,579,High Risk
1026,8.025685456830015,235,122,Low Risk
926,6.253955024627005,236,66,Low Risk
1700,9.569996071278352,95,580,Moderate Risk
793,1.3818006838620254,178,375,High Risk
1446,3.3879352379992027,126,595,High Risk
1189,6.413984913698417,266,251,Moderate Risk
571,3.669039209853376,110,393,High Risk
1134,7.42981747664118,83,572,Moderate Risk
1194,7.831047542697379,244,449,High Risk
601,1.9226436765982702,96,267,Moderate Risk
1666,5.624690177860909,118,494,Moderate Risk
1713,5.580015000319503,127,271,Low Risk
814,4.3235269319398695,253,432,High Risk
1496,9.396323763127048,255,56,Low Risk
1749,8.44755687885899,118,321,Low Risk
1382,7.274884437186731,211,65,Low Risk
1375,7.428939721614978,109,473,Moderate Risk
1194,5.1554452943180715,237,573,High Risk
819,9.288950689869182,101,70,Low Risk
387,7.251358845279569,145,277,Moderate Risk
1321,7.560829554902348,187,337,Moderate Risk
330,8.755218134086107,91,183,Low Risk
1004,3.4666443040797192,115,332,Moderate Risk
1394,8.263638134800328,97,453,Moderate Risk
1135,2.7571654266084282,169,115,Low Risk
1185,4.1080775702039904,260,486,High Risk
382,4.020494088428585,278,308,High Risk
1182,9.806729215502266,80,152,Low Risk
563,8.708835013731342,206,150,Moderate Risk
238,7.310528754312338,265,247,High Risk
1750,7.5435108545385114,169,275,Low Risk
696,6.05865514962314,166,512,High Risk
1739,9.523816003976671,169,286,Low Risk
1572,5.466328775941254,213,75,Low Risk
1181,4.424659388829051,149,170,Low Risk
1120,2.467318032384319,123,555,High Risk
1620,8.075850870349523,279,231,Low Risk
921,7.609995388680323,231,592,High Risk
1384,4.459195346717214,165,364,Moderate Risk
215,1.2267407256330642,98,322,High Risk
692,8.550975949462096,180,281,Moderate Risk
1649,1.1027618510866626,225,469,High Risk
1331,7.333298016661459,174,491,Moderate Risk
1093,9.732313987534514,180,545,High Risk
1673,4.938951953333831,109,73,Low Risk
510,3.114760644963575,249,158,High Risk
938,7.343839090390436,112,551,High Risk
1393,8.354153278140267,91,74,Low Risk
745,5.917872844700626,197,236,Moderate Risk
613,9.703317477305315,173,337,Moderate Risk
450,1.46501849492165,234,387,High Risk
958,5.543160384740753,246,86,Low Risk
1364,7.466085525902951,216,186,Low Risk
1497,8.76376424034261,228,557,High Risk
1639,2.6133005071701105,155,276,Low Risk
1831,8.200031335873133,108,369,Low Risk
1962,5.974363681466907,240,231,Low Risk
1262,4.568983137909669,269,135,Low Risk
1013,2.185435257211842,196,516,High Risk
228,8.787661830180213,94,102,Low Risk
1157,2.415458873617438,81,284,Low Risk
676,3.7880907328818934,259,482,High Risk
517,3.610409787661932,196,545,High Risk
444,8.842726307717689,251,149,Moderate Risk
947,7.054326947880082,261,452,High Risk
896,8.170132574722352,97,445,Moderate Risk
471,3.254211089132491,82,576,High Risk
1663,6.6238668964629905,214,464,Moderate Risk
1971,6.145713848293738,250,512,Moderate Risk
1462,8.495473391094439,245,590,High Risk
576,9.154783544331345,244,413,High Risk
465,1.1094109432964814,265,179,High Risk
1125,7.066179271529134,240,133,Low Risk
1120,1.4665221920775613,187,320,Moderate Risk
1582,5.939727985696203,266,293,Moderate Risk
539,3.588694561393104,174,437,High Risk
588,3.760989395699271,201,263,High Risk
776,4.176626531071209,90,215,Low Risk
1912,6.591632041446491,147,108,Low Risk
202,4.006449691018923,202,553,High Risk
1652,7.594291455312524,275,172,Low Risk
1365,4.640746470164827,192,462,High Risk
575,1.6151788027896274,177,188,Moderate Risk
1893,8.053838582356965,172,278,Low Risk
523,3.571824921334354,101,323,Moderate Risk
345,4.894901916393364,273,488,High Risk
492,7.168994948997113,251,167,Moderate Risk
1888,3.992105414338408,206,532,Moderate Risk
631,1.5092709053204407,213,444,High Risk
904,4.365289423115322,249,509,High Risk
1148,9.50003724424873,104,127,Low Risk
784,6.775609575687024,264,461,High Risk
598,7.043312338004863,164,124,Low Risk
1016,6.690539382738758,134,344,Moderate Risk
1567,2.7909292506349312,223,70,Low Risk
1163,4.765004776920521,174,220,Low Risk
1363,7.758458185269864,221,64,Low Risk
386,1.9123560779784323,246,260,High Risk
260,3.5006749848074104,235,135,High Risk
1138,3.4868719761926825,258,198,Moderate Risk
1603,4.888170348350554,198,421,Moderate Risk
909,9.823318668479665,256,529,High Risk
1006,1.6075229201543975,88,200,Low Risk
1663,5.668308949425355,265,190,Low Risk
1542,2.614282138109894,252,118,Low Risk
1525,9.736088908687698,229,309,Low Risk
1567,2.019731542547178,239,570,High Risk
210,4.632409021254321,276,420,High Risk
1285,7.6409648635114555,276,468,High Risk
425,7.340989852247008,121,150,Moderate Risk
1376,4.8045577320453905,132,292,Low Risk
1934,4.118717511574464,266,561,High Risk
763,4.578511406975835,153,144,Low Risk
971,3.3784863684277537,118,275,Moderate Risk
1794,2.847996448361198,201,567,High Risk
1807,5.34735727803001,94,263,Low Risk
1883,3.416803804608466,278,116,Low Risk
1798,3.587154984075251,236,445,Moderate Risk
1533,6.910804571271013,202,61,Low Risk
1084,9.71683598529903,190,286,Moderate Risk
1466,6.432734805034376,210,448,Moderate Risk
1716,1.6928152035846966,162,456,Moderate Risk
1589,1.680252524686603,89,529,Moderate Risk
1553,9.562808987610094,171,271,Low Risk
1330,3.6756171127660027,108,205,Low Risk
425,1.828602874742279,114,477,High Risk
1024,6.391401284353434,85,207,Low Risk
417,6.612839004612395,219,465,High Risk
1136,6.836543381068194,190,375,Moderate Risk
952,3.4066182507178717,117,420,Moderate Risk
705,1.1359961579302753,156,393,High Risk
458,9.685138325090247,172,311,High Risk
1997,3.2580374112199224,226,332,Low Risk
1740,7.084236592472927,146,278,Low Risk
1996,7.3596688289083865,215,329,Low Risk
253,6.490066753715372,87,339,High Risk
1270,3.816166547922834,201,96,Low Risk
926,3.439866283876592,163,263,Moderate Risk
888,6.379014544324328,254,73,Low Risk
1744,8.794860702505224,211,370,Low Risk
1322,9.52060356031056,258,323,Moderate Risk
1243,1.9531522396338188,164,362,Moderate Risk
1976,2.3934575133794787,274,412,Moderate Risk
1796,9.502626329047716,124,429,Low Risk
1713,7.628817055013133,215,519,Moderate Risk
618,8.946944423467958,166,165,Moderate Risk
889,2.8236937072180885,95,91,Low Risk
1049,6.288272839984617,156,428,Moderate Risk
261,7.310256349757263,274,255,High Risk
1368,7.121006969022754,88,515,Moderate Risk
415,4.673365217800283,139,329,High Risk
202,1.1385540252217763,157,167,High Risk
359,6.246334511238368,156,286,High Risk
1962,3.2779138526164786,150,358,Low Risk
980,5.052288215286013,94,505,High Risk
1343,9.618229135754357,150,524,Moderate Risk
1092,4.591317858781912,181,149,Low Risk
1312,8.55821445997984,248,310,Moderate Risk
528,2.6968654517432604,101,354,High Risk
779,7.052144482225259,231,403,High Risk
1580,9.793062589950491,192,335,Low Risk
1833,1.917037907856431,251,377,Moderate Risk
1490,1.074879480044728,80,152,Low Risk
1840,4.902245133693529,89,112,Low Risk
1151,1.8336293474623049,189,331,Moderate Risk
1546,7.7354591470860825,279,490,High Risk
834,9.23093797463703,263,342,High Risk
1187,4.90618875437883,192,56,Low Risk
1764,3.3284047793989684,129,141,Low Risk
1872,4.909629871059488,91,239,Low Risk
1418,7.511030360650009,168,525,Moderate Risk
1120,1.0814874542233388,267,560,High Risk
937,6.305085905362275,233,511,High Risk
1555,6.519625163986412,191,102,Low Risk
369,6.73919422206342,157,535,High Risk
720,3.178198719827895,248,539,High Risk
1686,7.426474510403141,243,413,Moderate Risk
239,1.8225233769859877,200,161,High Risk
1760,2.7934330282012074,102,458,Low Risk
1484,8.897230419890338,250,56,Low Risk
1618,7.648508356539097,213,246,Low Risk
1154,1.1237099861021074,276,416,High Risk
1449,3.235386343328202,250,299,Moderate Risk
1183,2.929658346938481,104,289,Low Risk
1347,3.437256952332753,97,429,Moderate Risk
1174,3.2280379325189776,269,520,High Risk
237,1.5627366616856118,220,504,High Risk
527,5.130464649371383,122,415,High Risk
1474,7.594601273075487,157,339,Low Risk
1399,6.4605855224569275,107,452,Moderate Risk
1825,7.055845017382718,225,107,Low Risk
1113,1.7303426068261523,138,570,High Risk
653,9.563416391591085,267,353,High Risk
236,8.546426504587224,142,164,Moderate Risk
1539,8.245812866460964,264,259,Low Risk
1911,8.406854245375907,171,90,Low Risk
1172,9.394394573194852,258,222,Moderate Risk
995,5.898285695023279,135,283,Moderate Risk
1172,2.8025381608086333,234,452,High Risk
792,6.551052470672871,239,88,Moderate Risk
1337,7.685933443011451,190,168,Low Risk
